case_id,fit_max,smooth_points,confirm_points,slope_GPa,proof_status,proof_GPa,proof_strain,averaged_peak_GPa
eq,0.01,1,1,137.37752552257888,found,3.998562138081487,0.031487648270792826,5.25312875597326
eq,0.01,1,3,137.37752552257888,found,4.153095908102378,0.03261253219509595,5.25312875597326
eq,0.01,1,5,137.37752552257888,found,4.389882455838111,0.03433615144675307,5.25312875597326
eq,0.01,11,1,137.37752552257888,found,4.318635294718582,0.03381752832518709,5.160670781491379
eq,0.01,11,3,137.37752552257888,found,4.318635294718582,0.03381752832518709,5.160670781491379
eq,0.01,11,5,137.37752552257888,found,4.318635294718582,0.03381752832518709,5.160670781491379
eq,0.01,21,1,137.37752552257888,found,4.27257588057578,0.033482252129407655,5.131253284588891
eq,0.01,21,3,137.37752552257888,found,4.27257588057578,0.033482252129407655,5.131253284588891
eq,0.01,21,5,137.37752552257888,found,4.27257588057578,0.033482252129407655,5.131253284588891
eq,0.01,31,1,137.37752552257888,found,4.2502498835438285,0.03331973648540385,5.108029180150135
eq,0.01,31,3,137.37752552257888,found,4.2502498835438285,0.03331973648540385,5.108029180150135
eq,0.01,31,5,137.37752552257888,found,4.2502498835438285,0.03331973648540385,5.108029180150135
eq,0.015,1,1,137.05251617326584,found,3.990703648924123,0.03149218453607166,5.25312875597326
eq,0.015,1,3,137.05251617326584,found,4.381929198264395,0.034346751239872075,5.25312875597326
eq,0.015,1,5,137.05251617326584,found,4.381929198264395,0.034346751239872075,5.25312875597326
eq,0.015,11,1,137.05251617326584,found,4.319386792041779,0.033890412254139426,5.160670781491379
eq,0.015,11,3,137.05251617326584,found,4.336361503889141,0.03401426778281794,5.160670781491379
eq,0.015,11,5,137.05251617326584,found,4.336361503889141,0.03401426778281794,5.160670781491379
eq,0.015,21,1,137.05251617326584,found,4.287968198306969,0.033661167329550885,5.131253284588891
eq,0.015,21,3,137.05251617326584,found,4.287968198306969,0.033661167329550885,5.131253284588891
eq,0.015,21,5,137.05251617326584,found,4.287968198306969,0.033661167329550885,5.131253284588891
eq,0.015,31,1,137.05251617326584,found,4.2755016583624625,0.033570205555972454,5.108029180150135
eq,0.015,31,3,137.05251617326584,found,4.2755016583624625,0.033570205555972454,5.108029180150135
eq,0.015,31,5,137.05251617326584,found,4.2755016583624625,0.033570205555972454,5.108029180150135
eq,0.02,1,1,136.59949909291953,found,3.9802746995202565,0.03149820458396232,5.25312875597326
eq,0.02,1,3,136.59949909291953,found,4.371316783801977,0.03436089505412078,5.25312875597326
eq,0.02,1,5,136.59949909291953,found,4.432636566674641,0.03480979701408297,5.25312875597326
eq,0.02,11,1,136.59949909291953,found,4.335465814887547,0.034098441903468724,5.160670781491379
eq,0.02,11,3,136.59949909291953,found,4.335465814887547,0.034098441903468724,5.160670781491379
eq,0.02,11,5,136.59949909291953,found,4.335465814887547,0.034098441903468724,5.160670781491379
eq,0.02,21,1,136.59949909291953,found,4.330156661888059,0.03405957534074527,5.131253284588891
eq,0.02,21,3,136.59949909291953,found,4.330156661888059,0.03405957534074527,5.131253284588891
eq,0.02,21,5,136.59949909291953,found,4.330156661888059,0.03405957534074527,5.131253284588891
eq,0.02,31,1,136.59949909291953,found,4.295561482958118,0.03380631541549175,5.108029180150135
eq,0.02,31,3,136.59949909291953,found,4.295561482958118,0.03380631541549175,5.108029180150135
eq,0.02,31,5,136.59949909291953,found,4.295561482958118,0.03380631541549175,5.108029180150135
eq,0.025,1,1,135.05439646754232,found,4.201888468517905,0.03339110416684267,5.25312875597326
eq,0.025,1,3,135.05439646754232,found,4.531032128208045,0.03582822334473809,5.25312875597326
eq,0.025,1,5,135.05439646754232,found,4.609951567384717,0.036412576325765535,5.25312875597326
eq,0.025,11,1,135.05439646754232,found,4.347153037842055,0.034466704614689335,5.160670781491379
eq,0.025,11,3,135.05439646754232,found,4.347153037842055,0.034466704614689335,5.160670781491379
eq,0.025,11,5,135.05439646754232,found,4.347153037842055,0.034466704614689335,5.160670781491379
eq,0.025,21,1,135.05439646754232,found,4.3935661792368075,0.03481036718776156,5.131253284588891
eq,0.025,21,3,135.05439646754232,found,4.3935661792368075,0.03481036718776156,5.131253284588891
eq,0.025,21,5,135.05439646754232,found,4.3935661792368075,0.03481036718776156,5.131253284588891
eq,0.025,31,1,135.05439646754232,found,4.405435420109565,0.03489825207846639,5.108029180150135
eq,0.025,31,3,135.05439646754232,found,4.405435420109565,0.03489825207846639,5.108029180150135
eq,0.025,31,5,135.05439646754232,found,4.405435420109565,0.03489825207846639,5.108029180150135
eq,0.032,1,1,132.0461525203386,found,4.2401613024897005,0.0341775614403216,5.25312875597326
eq,0.032,1,3,132.0461525203386,found,4.540711593023592,0.03645366176431702,5.25312875597326
eq,0.032,1,5,132.0461525203386,found,4.540711593023592,0.03645366176431702,5.25312875597326
eq,0.032,11,1,132.0461525203386,found,4.508272220695835,0.036207994838711136,5.160670781491379
eq,0.032,11,3,132.0461525203386,found,4.508272220695835,0.036207994838711136,5.160670781491379
eq,0.032,11,5,132.0461525203386,found,4.508272220695835,0.036207994838711136,5.160670781491379
eq,0.032,21,1,132.0461525203386,found,4.4930847248662165,0.03609297826655256,5.131253284588891
eq,0.032,21,3,132.0461525203386,found,4.4930847248662165,0.03609297826655256,5.131253284588891
eq,0.032,21,5,132.0461525203386,found,4.4930847248662165,0.03609297826655256,5.131253284588891
eq,0.032,31,1,132.0461525203386,found,4.484548041300663,0.03602832902533942,5.108029180150135
eq,0.032,31,3,132.0461525203386,found,4.484548041300663,0.03602832902533942,5.108029180150135
eq,0.032,31,5,132.0461525203386,found,4.484548041300663,0.03602832902533942,5.108029180150135
zr24,0.01,1,1,130.0525830760692,found,3.8679805110167287,0.03209726154987143,5.00605727384936
zr24,0.01,1,3,130.0525830760692,found,4.277970727561819,0.035249757308493015,5.00605727384936
zr24,0.01,1,5,130.0525830760692,found,4.277970727561819,0.035249757308493015,5.00605727384936
zr24,0.01,11,1,130.0525830760692,found,4.284401718035048,0.035299206464527604,4.927486881422283
zr24,0.01,11,3,130.0525830760692,found,4.284401718035048,0.035299206464527604,4.927486881422283
zr24,0.01,11,5,130.0525830760692,found,4.284401718035048,0.035299206464527604,4.927486881422283
zr24,0.01,21,1,130.0525830760692,found,4.264108006898484,0.03514316411106897,4.91108319436979
zr24,0.01,21,3,130.0525830760692,found,4.264108006898484,0.03514316411106897,4.91108319436979
zr24,0.01,21,5,130.0525830760692,found,4.264108006898484,0.03514316411106897,4.91108319436979
zr24,0.01,31,1,130.0525830760692,found,4.247697647973539,0.035016981619827366,4.913784887292405
zr24,0.01,31,3,130.0525830760692,found,4.247697647973539,0.035016981619827366,4.913784887292405
zr24,0.01,31,5,130.0525830760692,found,4.247697647973539,0.035016981619827366,4.913784887292405
zr24,0.015,1,1,131.280468076238,found,3.7400561875741327,0.030874776269898294,5.00605727384936
zr24,0.015,1,3,131.280468076238,found,4.170094271320526,0.03415049648973069,5.00605727384936
zr24,0.015,1,5,131.280468076238,found,4.310922450856163,0.03522322407517664,5.00605727384936
zr24,0.015,11,1,131.280468076238,found,4.133133918801763,0.033868959159308466,4.927486881422283
zr24,0.015,11,3,131.280468076238,found,4.133133918801763,0.033868959159308466,4.927486881422283
zr24,0.015,11,5,131.280468076238,found,4.222086772718452,0.03454653789756397,4.927486881422283
zr24,0.015,21,1,131.280468076238,found,4.194670636562223,0.03433770152945849,4.91108319436979
zr24,0.015,21,3,131.280468076238,found,4.194670636562223,0.03433770152945849,4.91108319436979
zr24,0.015,21,5,131.280468076238,found,4.194670636562223,0.03433770152945849,4.91108319436979
zr24,0.015,31,1,131.280468076238,found,4.160036670251973,0.03407388493268846,4.913784887292405
zr24,0.015,31,3,131.280468076238,found,4.160036670251973,0.03407388493268846,4.913784887292405
zr24,0.015,31,5,131.280468076238,found,4.160036670251973,0.03407388493268846,4.913784887292405
zr24,0.02,1,1,130.39953024687136,found,3.7222509758911113,0.03089257590380069,5.00605727384936
zr24,0.02,1,3,130.39953024687136,found,4.1516567265248625,0.03418557665173899,5.00605727384936
zr24,0.02,1,5,130.39953024687136,found,4.2892419131262765,0.03524068157689432,5.00605727384936
zr24,0.02,11,1,130.39953024687136,found,4.279018558562042,0.0351622813361505,4.927486881422283
zr24,0.02,11,3,130.39953024687136,found,4.279018558562042,0.0351622813361505,4.927486881422283
zr24,0.02,11,5,130.39953024687136,found,4.279018558562042,0.0351622813361505,4.927486881422283
zr24,0.02,21,1,130.39953024687136,found,4.240413937815951,0.03486623256455597,4.91108319436979
zr24,0.02,21,3,130.39953024687136,found,4.240413937815951,0.03486623256455597,4.91108319436979
zr24,0.02,21,5,130.39953024687136,found,4.240413937815951,0.03486623256455597,4.91108319436979
zr24,0.02,31,1,130.39953024687136,found,4.2362307415592895,0.03483415272309686,4.913784887292405
zr24,0.02,31,3,130.39953024687136,found,4.2362307415592895,0.03483415272309686,4.913784887292405
zr24,0.02,31,5,130.39953024687136,found,4.2362307415592895,0.03483415272309686,4.913784887292405
zr24,0.025,1,1,128.78980583317602,found,3.8683022828997093,0.032295621810186206,5.00605727384936
zr24,0.025,1,3,128.78980583317602,found,4.251508995146166,0.03527106470155007,5.00605727384936
zr24,0.025,1,5,128.78980583317602,found,4.387170203040894,0.03632441831923044,5.00605727384936
zr24,0.025,11,1,128.78980583317602,found,4.291817397256987,0.035584042905454145,4.927486881422283
zr24,0.025,11,3,128.78980583317602,found,4.291817397256987,0.035584042905454145,4.927486881422283
zr24,0.025,11,5,128.78980583317602,found,4.291817397256987,0.035584042905454145,4.927486881422283
zr24,0.025,21,1,128.78980583317602,found,4.309825904715514,0.03572387157700174,4.91108319436979
zr24,0.025,21,3,128.78980583317602,found,4.309825904715514,0.03572387157700174,4.91108319436979
zr24,0.025,21,5,128.78980583317602,found,4.309825904715514,0.03572387157700174,4.91108319436979
zr24,0.025,31,1,128.78980583317602,found,4.29244494000598,0.03558891551742008,4.913784887292405
zr24,0.025,31,3,128.78980583317602,found,4.29244494000598,0.03558891551742008,4.913784887292405
zr24,0.025,31,5,128.78980583317602,found,4.29244494000598,0.03558891551742008,4.913784887292405
zr24,0.032,1,1,125.90660765444149,found,4.319384265608111,0.03635111817021507,5.00605727384936
zr24,0.032,1,3,125.90660765444149,found,4.436112968675953,0.037278223627525246,5.00605727384936
zr24,0.032,1,5,125.90660765444149,found,4.436112968675953,0.037278223627525246,5.00605727384936
zr24,0.032,11,1,125.90660765444149,found,4.380246714178065,0.0368345117720584,4.927486881422283
zr24,0.032,11,3,125.90660765444149,found,4.404167244141298,0.03702449806752658,4.927486881422283
zr24,0.032,11,5,125.90660765444149,found,4.404167244141298,0.03702449806752658,4.927486881422283
zr24,0.032,21,1,125.90660765444149,found,4.394593583376895,0.036948460272983825,4.91108319436979
zr24,0.032,21,3,125.90660765444149,found,4.394593583376895,0.036948460272983825,4.91108319436979
zr24,0.032,21,5,125.90660765444149,found,4.394593583376895,0.036948460272983825,4.91108319436979
zr24,0.032,31,1,125.90660765444149,found,4.376738412536331,0.03680664745494994,4.913784887292405
zr24,0.032,31,3,125.90660765444149,found,4.376738412536331,0.03680664745494994,4.913784887292405
zr24,0.032,31,5,125.90660765444149,found,4.376738412536331,0.03680664745494994,4.913784887292405
zr28,0.01,1,1,125.39712684894008,found,3.705842684336427,0.031894624314957015,4.96721503734773
zr28,0.01,1,3,125.39712684894008,found,4.232264030340449,0.036092657868294936,4.96721503734773
zr28,0.01,1,5,125.39712684894008,found,4.232264030340449,0.036092657868294936,4.96721503734773
zr28,0.01,11,1,125.39712684894008,found,4.202125258178395,0.03585231127567834,4.872681888364837
zr28,0.01,11,3,125.39712684894008,found,4.202125258178395,0.03585231127567834,4.872681888364837
zr28,0.01,11,5,125.39712684894008,found,4.202125258178395,0.03585231127567834,4.872681888364837
zr28,0.01,21,1,125.39712684894008,found,4.217586091491479,0.03597560623228216,4.8634942202876195
zr28,0.01,21,3,125.39712684894008,found,4.217586091491479,0.03597560623228216,4.8634942202876195
zr28,0.01,21,5,125.39712684894008,found,4.217586091491479,0.03597560623228216,4.8634942202876195
zr28,0.01,31,1,125.39712684894008,found,4.229557116771579,0.03607107114109559,4.857159811879948
zr28,0.01,31,3,125.39712684894008,found,4.229557116771579,0.03607107114109559,4.857159811879948
zr28,0.01,31,5,125.39712684894008,found,4.229557116771579,0.03607107114109559,4.857159811879948
zr28,0.015,1,1,125.4928149227006,found,3.708486910566431,0.03189186148197319,4.96721503734773
zr28,0.015,1,3,125.4928149227006,found,4.234609265992685,0.03608431150989174,4.96721503734773
zr28,0.015,1,5,125.4928149227006,found,4.234609265992685,0.03608431150989174,4.96721503734773
zr28,0.015,11,1,125.4928149227006,found,4.203505938001693,0.035836462037313166,4.872681888364837
zr28,0.015,11,3,125.4928149227006,found,4.203505938001693,0.035836462037313166,4.872681888364837
zr28,0.015,11,5,125.4928149227006,found,4.203505938001693,0.035836462037313166,4.872681888364837
zr28,0.015,21,1,125.4928149227006,found,4.1975933757505315,0.03578934729010789,4.8634942202876195
zr28,0.015,21,3,125.4928149227006,found,4.215143433297073,0.03592919639268283,4.8634942202876195
zr28,0.015,21,5,125.4928149227006,found,4.215143433297073,0.03592919639268283,4.8634942202876195
zr28,0.015,31,1,125.4928149227006,found,4.226202874897559,0.03601732447879913,4.857159811879948
zr28,0.015,31,3,125.4928149227006,found,4.226202874897559,0.03601732447879913,4.857159811879948
zr28,0.015,31,5,125.4928149227006,found,4.226202874897559,0.03601732447879913,4.857159811879948
zr28,0.02,1,1,125.59144700580251,found,3.7107095607857716,0.03188953913478979,4.96721503734773
zr28,0.02,1,3,125.59144700580251,found,4.23663269662334,0.03607711040955398,4.96721503734773
zr28,0.02,1,5,125.59144700580251,found,4.23663269662334,0.03607711040955398,4.96721503734773
zr28,0.02,11,1,125.59144700580251,found,4.204695018980161,0.035822812219632634,4.872681888364837
zr28,0.02,11,3,125.59144700580251,found,4.204695018980161,0.035822812219632634,4.872681888364837
zr28,0.02,11,5,125.59144700580251,found,4.204695018980161,0.035822812219632634,4.872681888364837
zr28,0.02,21,1,125.59144700580251,found,4.196665734040464,0.03575888043820069,4.8634942202876195
zr28,0.02,21,3,125.59144700580251,found,4.196665734040464,0.03575888043820069,4.8634942202876195
zr28,0.02,21,5,125.59144700580251,found,4.196665734040464,0.03575888043820069,4.8634942202876195
zr28,0.02,31,1,125.59144700580251,found,4.1900895088464685,0.0357065183916539,4.857159811879948
zr28,0.02,31,3,125.59144700580251,found,4.215205183647028,0.03590649757335248,4.857159811879948
zr28,0.02,31,5,125.59144700580251,found,4.215205183647028,0.03590649757335248,4.857159811879948
zr28,0.025,1,1,124.46830631376969,found,3.7724124977308215,0.032587017448716254,4.96721503734773
zr28,0.025,1,3,124.46830631376969,found,4.2186203599913,0.03617192894526737,4.96721503734773
zr28,0.025,1,5,124.46830631376969,found,4.476840666370397,0.0382465157539619,4.96721503734773
zr28,0.025,11,1,124.46830631376969,found,4.214770178708708,0.036140995919852155,4.872681888364837
zr28,0.025,11,3,124.46830631376969,found,4.214770178708708,0.036140995919852155,4.872681888364837
zr28,0.025,11,5,124.46830631376969,found,4.214770178708708,0.036140995919852155,4.872681888364837
zr28,0.025,21,1,124.46830631376969,found,4.266248661845934,0.03655458299805546,4.8634942202876195
zr28,0.025,21,3,124.46830631376969,found,4.266248661845934,0.03655458299805546,4.8634942202876195
zr28,0.025,21,5,124.46830631376969,found,4.266248661845934,0.03655458299805546,4.8634942202876195
zr28,0.025,31,1,124.46830631376969,found,4.302822639439953,0.03684842468898215,4.857159811879948
zr28,0.025,31,3,124.46830631376969,found,4.302822639439953,0.03684842468898215,4.857159811879948
zr28,0.025,31,5,124.46830631376969,found,4.302822639439953,0.03684842468898215,4.857159811879948
zr28,0.032,1,1,122.45511497743695,found,3.9396629617169716,0.03429700110621135,4.96721503734773
zr28,0.032,1,3,122.45511497743695,found,4.430798877711604,0.038307743459318665,4.96721503734773
zr28,0.032,1,5,122.45511497743695,found,4.430798877711604,0.038307743459318665,4.96721503734773
zr28,0.032,11,1,122.45511497743695,found,4.419304752159385,0.038213879470424955,4.872681888364837
zr28,0.032,11,3,122.45511497743695,found,4.419304752159385,0.038213879470424955,4.872681888364837
zr28,0.032,11,5,122.45511497743695,found,4.419304752159385,0.038213879470424955,4.872681888364837
zr28,0.032,21,1,122.45511497743695,found,4.409970840536297,0.038137656344712265,4.8634942202876195
zr28,0.032,21,3,122.45511497743695,found,4.409970840536297,0.038137656344712265,4.8634942202876195
zr28,0.032,21,5,122.45511497743695,found,4.409970840536297,0.038137656344712265,4.8634942202876195
zr28,0.032,31,1,122.45511497743695,found,4.397397997052428,0.03803498326742852,4.857159811879948
zr28,0.032,31,3,122.45511497743695,found,4.397397997052428,0.03803498326742852,4.857159811879948
zr28,0.032,31,5,122.45511497743695,found,4.397397997052428,0.03803498326742852,4.857159811879948
hf16,0.01,1,1,136.8948550529287,found,4.555687941987885,0.03535090841473979,5.64690051427443
hf16,0.01,1,3,136.8948550529287,found,4.584266587194941,0.03555967188650071,5.64690051427443
hf16,0.01,1,5,136.8948550529287,found,4.884478426591171,0.037752682275971935,5.64690051427443
hf16,0.01,11,1,136.8948550529287,found,4.622674216996706,0.03584023487615372,5.5490695573797915
hf16,0.01,11,3,136.8948550529287,found,4.622674216996706,0.03584023487615372,5.5490695573797915
hf16,0.01,11,5,136.8948550529287,found,4.622674216996706,0.03584023487615372,5.5490695573797915
hf16,0.01,21,1,136.8948550529287,found,4.655792856223363,0.036082162443218616,5.531268717999593
hf16,0.01,21,3,136.8948550529287,found,4.655792856223363,0.036082162443218616,5.531268717999593
hf16,0.01,21,5,136.8948550529287,found,4.655792856223363,0.036082162443218616,5.531268717999593
hf16,0.01,31,1,136.8948550529287,found,4.650040229702405,0.036040140217337785,5.524788027609976
hf16,0.01,31,3,136.8948550529287,found,4.650040229702405,0.036040140217337785,5.524788027609976
hf16,0.01,31,5,136.8948550529287,found,4.650040229702405,0.036040140217337785,5.524788027609976
hf16,0.015,1,1,138.09654287789988,found,4.250096325603188,0.032884187213927565,5.64690051427443
hf16,0.015,1,3,138.09654287789988,found,4.616307586023101,0.03553603680254257,5.64690051427443
hf16,0.015,1,5,138.09654287789988,found,4.616307586023101,0.03553603680254257,5.64690051427443
hf16,0.015,11,1,138.09654287789988,found,4.58428305767746,0.035304137236642816,5.5490695573797915
hf16,0.015,11,3,138.09654287789988,found,4.58428305767746,0.035304137236642816,5.5490695573797915
hf16,0.015,11,5,138.09654287789988,found,4.58428305767746,0.035304137236642816,5.5490695573797915
hf16,0.015,21,1,138.09654287789988,found,4.591400808064428,0.035355679080041905,5.531268717999593
hf16,0.015,21,3,138.09654287789988,found,4.591400808064428,0.035355679080041905,5.531268717999593
hf16,0.015,21,5,138.09654287789988,found,4.591400808064428,0.035355679080041905,5.531268717999593
hf16,0.015,31,1,138.09654287789988,found,4.5894716434681015,0.035341709399439314,5.524788027609976
hf16,0.015,31,3,138.09654287789988,found,4.5894716434681015,0.035341709399439314,5.524788027609976
hf16,0.015,31,5,138.09654287789988,found,4.5894716434681015,0.035341709399439314,5.524788027609976
hf16,0.02,1,1,137.75647980505246,found,4.243032808012091,0.032891636670900816,5.64690051427443
hf16,0.02,1,3,137.75647980505246,found,4.608145465387912,0.03554205760131741,5.64690051427443
hf16,0.02,1,5,137.75647980505246,found,4.674222801728607,0.036021725319556185,5.64690051427443
hf16,0.02,11,1,137.75647980505246,found,4.587595441666784,0.035392881143337294,5.5490695573797915
hf16,0.02,11,3,137.75647980505246,found,4.587595441666784,0.035392881143337294,5.5490695573797915
hf16,0.02,11,5,137.75647980505246,found,4.587595441666784,0.035392881143337294,5.5490695573797915
hf16,0.02,21,1,137.75647980505246,found,4.601311564826266,0.0354924490415508,5.531268717999593
hf16,0.02,21,3,137.75647980505246,found,4.601311564826266,0.0354924490415508,5.531268717999593
hf16,0.02,21,5,137.75647980505246,found,4.601311564826266,0.0354924490415508,5.531268717999593
hf16,0.02,31,1,137.75647980505246,found,4.612180505594086,0.03557134871133912,5.524788027609976
hf16,0.02,31,3,137.75647980505246,found,4.612180505594086,0.03557134871133912,5.524788027609976
hf16,0.02,31,5,137.75647980505246,found,4.612180505594086,0.03557134871133912,5.524788027609976
hf16,0.025,1,1,137.11215272927402,found,4.5645822039459745,0.03534573672216664,5.64690051427443
hf16,0.025,1,3,137.11215272927402,found,4.593029069080539,0.03555320823047804,5.64690051427443
hf16,0.025,1,5,137.11215272927402,found,4.892291763826068,0.037735820703468814,5.64690051427443
hf16,0.025,11,1,137.11215272927402,found,4.60651437599026,0.03565156061311729,5.5490695573797915
hf16,0.025,11,3,137.11215272927402,found,4.60651437599026,0.03565156061311729,5.5490695573797915
hf16,0.025,11,5,137.11215272927402,found,4.60651437599026,0.03565156061311729,5.5490695573797915
hf16,0.025,21,1,137.11215272927402,found,4.637743848317109,0.035879326509175476,5.531268717999593
hf16,0.025,21,3,137.11215272927402,found,4.637743848317109,0.035879326509175476,5.531268717999593
hf16,0.025,21,5,137.11215272927402,found,4.637743848317109,0.035879326509175476,5.531268717999593
hf16,0.025,31,1,137.11215272927402,found,4.639687898705314,0.03589350505097142,5.524788027609976
hf16,0.025,31,3,137.11215272927402,found,4.639687898705314,0.03589350505097142,5.524788027609976
hf16,0.025,31,5,137.11215272927402,found,4.639687898705314,0.03589350505097142,5.524788027609976
hf16,0.032,1,1,134.3605588677925,found,4.503763261235023,0.03538110074402783,5.64690051427443
hf16,0.032,1,3,134.3605588677925,found,4.756438518785153,0.03726167685713225,5.64690051427443
hf16,0.032,1,5,134.3605588677925,found,4.92196020549417,0.038493598546829044,5.64690051427443
hf16,0.032,11,1,134.3605588677925,found,4.770771872579588,0.037368355140664396,5.5490695573797915
hf16,0.032,11,3,134.3605588677925,found,4.797111249456942,0.037564390175791565,5.5490695573797915
hf16,0.032,11,5,134.3605588677925,found,4.893933926329823,0.038285008470987494,5.5490695573797915
hf16,0.032,21,1,134.3605588677925,found,4.832385075135421,0.037826921278488065,5.531268717999593
hf16,0.032,21,3,134.3605588677925,found,4.832385075135421,0.037826921278488065,5.531268717999593
hf16,0.032,21,5,134.3605588677925,found,4.832385075135421,0.037826921278488065,5.531268717999593
hf16,0.032,31,1,134.3605588677925,found,4.8173809031864945,0.03771525032329585,5.524788027609976
hf16,0.032,31,3,134.3605588677925,found,4.8173809031864945,0.03771525032329585,5.524788027609976
hf16,0.032,31,5,134.3605588677925,found,4.8173809031864945,0.03771525032329585,5.524788027609976
hf12,0.01,1,1,139.40331422738913,found,4.354436322685466,0.03356646281022012,5.80298557484108
hf12,0.01,1,3,139.40331422738913,found,4.748864817362751,0.03639586824339303,5.80298557484108
hf12,0.01,1,5,139.40331422738913,found,4.748864817362751,0.03639586824339303,5.80298557484108
hf12,0.01,11,1,139.40331422738913,found,4.685005021571651,0.03593777443016464,5.700291414004627
hf12,0.01,11,3,139.40331422738913,found,4.751532630218364,0.03641500561376618,5.700291414004627
hf12,0.01,11,5,139.40331422738913,found,4.751532630218364,0.03641500561376618,5.700291414004627
hf12,0.01,21,1,139.40331422738913,found,4.702138193298347,0.03606067804850149,5.674487327291466
hf12,0.01,21,3,139.40331422738913,found,4.702138193298347,0.03606067804850149,5.674487327291466
hf12,0.01,21,5,139.40331422738913,found,4.702138193298347,0.03606067804850149,5.674487327291466
hf12,0.01,31,1,139.40331422738913,found,4.685423919422295,0.035940779364824656,5.66332908461307
hf12,0.01,31,3,139.40331422738913,found,4.685423919422295,0.035940779364824656,5.66332908461307
hf12,0.01,31,5,139.40331422738913,found,4.685423919422295,0.035940779364824656,5.66332908461307
hf12,0.015,1,1,139.14446544254437,found,4.348260970974271,0.033569596846141844,5.80298557484108
hf12,0.015,1,3,139.14446544254437,found,4.743557647050972,0.036410505212992605,5.80298557484108
hf12,0.015,1,5,139.14446544254437,found,4.843622943313249,0.037129652007254405,5.80298557484108
hf12,0.015,11,1,139.14446544254437,found,4.691441194459627,0.036035955981547504,5.700291414004627
hf12,0.015,11,3,139.14446544254437,found,4.750897396354154,0.036463254341603926,5.700291414004627
hf12,0.015,11,5,139.14446544254437,found,4.750897396354154,0.036463254341603926,5.700291414004627
hf12,0.015,21,1,139.14446544254437,found,4.710839885021112,0.03617537001069906,5.674487327291466
hf12,0.015,21,3,139.14446544254437,found,4.710839885021112,0.03617537001069906,5.674487327291466
hf12,0.015,21,5,139.14446544254437,found,4.710839885021112,0.03617537001069906,5.674487327291466
hf12,0.015,31,1,139.14446544254437,found,4.710074630148415,0.03616987029592231,5.66332908461307
hf12,0.015,31,3,139.14446544254437,found,4.710074630148415,0.03616987029592231,5.66332908461307
hf12,0.015,31,5,139.14446544254437,found,4.710074630148415,0.03616987029592231,5.66332908461307
hf12,0.02,1,1,138.98147498367473,found,4.344842781450729,0.03357133160219381,5.80298557484108
hf12,0.02,1,3,138.98147498367473,found,4.740869930862768,0.03642082754730849,5.80298557484108
hf12,0.02,1,5,138.98147498367473,found,4.840153075103002,0.03713518997763884,5.80298557484108
hf12,0.02,11,1,138.98147498367473,found,4.695957089892886,0.03609767051522808,5.700291414004627
hf12,0.02,11,3,138.98147498367473,found,4.768999143779559,0.03662322295950351,5.700291414004627
hf12,0.02,11,5,138.98147498367473,found,4.768999143779559,0.03662322295950351,5.700291414004627
hf12,0.02,21,1,138.98147498367473,found,4.716089899122435,0.03624253017535124,5.674487327291466
hf12,0.02,21,3,138.98147498367473,found,4.716089899122435,0.03624253017535124,5.674487327291466
hf12,0.02,21,5,138.98147498367473,found,4.716089899122435,0.03624253017535124,5.674487327291466
hf12,0.02,31,1,138.98147498367473,found,4.733601055752231,0.03636852651142302,5.66332908461307
hf12,0.02,31,3,138.98147498367473,found,4.733601055752231,0.03636852651142302,5.66332908461307
hf12,0.02,31,5,138.98147498367473,found,4.733601055752231,0.03636852651142302,5.66332908461307
hf12,0.025,1,1,138.1764315212355,found,4.327102948481651,0.03358033469649041,5.80298557484108
hf12,0.025,1,3,138.1764315212355,found,4.822248661905245,0.03716376573442033,5.80298557484108
hf12,0.025,1,5,138.1764315212355,found,4.822248661905245,0.03716376573442033,5.80298557484108
hf12,0.025,11,1,138.1764315212355,found,4.777236562409061,0.03683800757870138,5.700291414004627
hf12,0.025,11,3,138.1764315212355,found,4.777236562409061,0.03683800757870138,5.700291414004627
hf12,0.025,11,5,138.1764315212355,found,4.777236562409061,0.03683800757870138,5.700291414004627
hf12,0.025,21,1,138.1764315212355,found,4.793040934863004,0.03695238578546173,5.674487327291466
hf12,0.025,21,3,138.1764315212355,found,4.793040934863004,0.03695238578546173,5.674487327291466
hf12,0.025,21,5,138.1764315212355,found,4.793040934863004,0.03695238578546173,5.674487327291466
hf12,0.025,31,1,138.1764315212355,found,4.761777678462804,0.036726129715189744,5.66332908461307
hf12,0.025,31,3,138.1764315212355,found,4.761777678462804,0.036726129715189744,5.66332908461307
hf12,0.025,31,5,138.1764315212355,found,4.761777678462804,0.036726129715189744,5.66332908461307
hf12,0.032,1,1,135.9562400285071,found,4.546872022635697,0.03555480513235371,5.80298557484108
hf12,0.032,1,3,135.9562400285071,found,4.962674010337319,0.038613156757953515,5.80298557484108
hf12,0.032,1,5,135.9562400285071,found,4.962674010337319,0.038613156757953515,5.80298557484108
hf12,0.032,11,1,135.9562400285071,found,4.901448131631436,0.038162821571477,5.700291414004627
hf12,0.032,11,3,135.9562400285071,found,4.901448131631436,0.038162821571477,5.700291414004627
hf12,0.032,11,5,135.9562400285071,found,4.901448131631436,0.038162821571477,5.700291414004627
hf12,0.032,21,1,135.9562400285071,found,4.8768345530269555,0.03798178112346726,5.674487327291466
hf12,0.032,21,3,135.9562400285071,found,4.8768345530269555,0.03798178112346726,5.674487327291466
hf12,0.032,21,5,135.9562400285071,found,4.8768345530269555,0.03798178112346726,5.674487327291466
hf12,0.032,31,1,135.9562400285071,found,4.878839824185281,0.037996530510166285,5.66332908461307
hf12,0.032,31,3,135.9562400285071,found,4.878839824185281,0.037996530510166285,5.66332908461307
hf12,0.032,31,5,135.9562400285071,found,4.878839824185281,0.037996530510166285,5.66332908461307
ta16,0.01,1,1,132.66304918470846,found,3.1020531327981393,0.026097093955889866,4.69088472347828
ta16,0.01,1,3,132.66304918470846,found,3.813416094772292,0.03145927254552648,4.69088472347828
ta16,0.01,1,5,132.66304918470846,found,3.8641949548754457,0.03184203820947903,4.69088472347828
ta16,0.01,11,1,132.66304918470846,found,3.830725782903266,0.03158975113950839,4.515541709962338
ta16,0.01,11,3,132.66304918470846,found,3.830725782903266,0.03158975113950839,4.515541709962338
ta16,0.01,11,5,132.66304918470846,found,3.830725782903266,0.03158975113950839,4.515541709962338
ta16,0.01,21,1,132.66304918470846,found,3.796777188010287,0.03133385023038854,4.492927370086515
ta16,0.01,21,3,132.66304918470846,found,3.796777188010287,0.03133385023038854,4.492927370086515
ta16,0.01,21,5,132.66304918470846,found,3.796777188010287,0.03133385023038854,4.492927370086515
ta16,0.01,31,1,132.66304918470846,found,3.7933464197380915,0.03130798946287807,4.477471694275468
ta16,0.01,31,3,132.66304918470846,found,3.7933464197380915,0.03130798946287807,4.477471694275468
ta16,0.01,31,5,132.66304918470846,found,3.7933464197380915,0.03130798946287807,4.477471694275468
ta16,0.015,1,1,130.88646215002854,found,3.7464133178615104,0.03128986840133098,4.69088472347828
ta16,0.015,1,3,130.88646215002854,found,4.051105355325285,0.0336177794202301,4.69088472347828
ta16,0.015,1,5,130.88646215002854,found,4.051105355325285,0.0336177794202301,4.69088472347828
ta16,0.015,11,1,130.88646215002854,found,3.8335103845171243,0.031955308243044926,4.515541709962338
ta16,0.015,11,3,130.88646215002854,found,3.8335103845171243,0.031955308243044926,4.515541709962338
ta16,0.015,11,5,130.88646215002854,found,3.8335103845171243,0.031955308243044926,4.515541709962338
ta16,0.015,21,1,130.88646215002854,found,3.892677848704201,0.03240736006884229,4.492927370086515
ta16,0.015,21,3,130.88646215002854,found,3.892677848704201,0.03240736006884229,4.492927370086515
ta16,0.015,21,5,130.88646215002854,found,3.892677848704201,0.03240736006884229,4.492927370086515
ta16,0.015,31,1,130.88646215002854,found,3.9071955745602516,0.03251827853678444,4.477471694275468
ta16,0.015,31,3,130.88646215002854,found,3.9071955745602516,0.03251827853678444,4.477471694275468
ta16,0.015,31,5,130.88646215002854,found,3.9071955745602516,0.03251827853678444,4.477471694275468
ta16,0.02,1,1,130.18380002101208,found,3.7311743917448665,0.03129786735124506,4.69088472347828
ta16,0.02,1,3,130.18380002101208,found,4.034878864761755,0.03363075725742285,4.69088472347828
ta16,0.02,1,5,130.18380002101208,found,4.034878864761755,0.03363075725742285,4.69088472347828
ta16,0.02,11,1,130.18380002101208,found,3.8848453101824227,0.03247828241373942,4.515541709962338
ta16,0.02,11,3,130.18380002101208,found,3.9764863069745324,0.033182217901698126,4.515541709962338
ta16,0.02,11,5,130.18380002101208,found,3.9764863069745324,0.033182217901698126,4.515541709962338
ta16,0.02,21,1,130.18380002101208,found,3.92043651130245,0.032751674349712115,4.492927370086515
ta16,0.02,21,3,130.18380002101208,found,3.92043651130245,0.032751674349712115,4.492927370086515
ta16,0.02,21,5,130.18380002101208,found,3.92043651130245,0.032751674349712115,4.492927370086515
ta16,0.02,31,1,130.18380002101208,found,3.9178394105281478,0.03273172485696507,4.477471694275468
ta16,0.02,31,3,130.18380002101208,found,3.9178394105281478,0.03273172485696507,4.477471694275468
ta16,0.02,31,5,130.18380002101208,found,3.9178394105281478,0.03273172485696507,4.477471694275468
ta16,0.025,1,1,128.70231632977874,found,3.786253435907812,0.03197750433992693,4.69088472347828
ta16,0.025,1,3,128.70231632977874,found,4.022711867831079,0.03381475512659794,4.69088472347828
ta16,0.025,1,5,128.70231632977874,found,4.227824267170297,0.0354084513800022,4.69088472347828
ta16,0.025,11,1,128.70231632977874,found,3.993228438092612,0.03358567277144498,4.515541709962338
ta16,0.025,11,3,128.70231632977874,found,3.993228438092612,0.03358567277144498,4.515541709962338
ta16,0.025,11,5,128.70231632977874,found,3.993228438092612,0.03358567277144498,4.515541709962338
ta16,0.025,21,1,128.70231632977874,found,3.998242425477647,0.03362463079122287,4.492927370086515
ta16,0.025,21,3,128.70231632977874,found,3.998242425477647,0.03362463079122287,4.492927370086515
ta16,0.025,21,5,128.70231632977874,found,3.998242425477647,0.03362463079122287,4.492927370086515
ta16,0.025,31,1,128.70231632977874,found,3.9782718290312253,0.03346946189437682,4.477471694275468
ta16,0.025,31,3,128.70231632977874,found,3.9960266706335084,0.03360741466872153,4.477471694275468
ta16,0.025,31,5,128.70231632977874,found,3.9960266706335084,0.03360741466872153,4.477471694275468
ta16,0.032,1,1,125.72591946629784,found,3.989478958549627,0.03407500390153236,4.69088472347828
ta16,0.032,1,3,125.72591946629784,found,4.246446829067146,0.03611887736539995,4.69088472347828
ta16,0.032,1,5,125.72591946629784,found,4.246446829067146,0.03611887736539995,4.69088472347828
ta16,0.032,11,1,125.72591946629784,found,4.188519165689515,0.03565813177194132,4.515541709962338
ta16,0.032,11,3,125.72591946629784,found,4.188519165689515,0.03565813177194132,4.515541709962338
ta16,0.032,11,5,125.72591946629784,found,4.188519165689515,0.03565813177194132,4.515541709962338
ta16,0.032,21,1,125.72591946629784,found,4.1631495504455085,0.03545634668775422,4.492927370086515
ta16,0.032,21,3,125.72591946629784,found,4.2197598822734514,0.035906614477150815,4.492927370086515
ta16,0.032,21,5,125.72591946629784,found,4.2197598822734514,0.035906614477150815,4.492927370086515
ta16,0.032,31,1,125.72591946629784,found,4.1737679913575745,0.03554080374288765,4.477471694275468
ta16,0.032,31,3,125.72591946629784,found,4.1737679913575745,0.03554080374288765,4.477471694275468
ta16,0.032,31,5,125.72591946629784,found,4.1737679913575745,0.03554080374288765,4.477471694275468
ta12,0.01,1,1,123.33177511650726,found,3.4532201440849466,0.030557412634277917,4.17166611306709
ta12,0.01,1,3,123.33177511650726,found,3.740200219219129,0.0328843075067719,4.17166611306709
ta12,0.01,1,5,123.33177511650726,found,3.8211229279513437,0.03354044586735067,4.17166611306709
ta12,0.01,11,1,123.33177511650726,found,3.771214692074311,0.03313577938274128,4.090517161457626
ta12,0.01,11,3,123.33177511650726,found,3.771214692074311,0.03313577938274128,4.090517161457626
ta12,0.01,11,5,123.33177511650726,found,3.771214692074311,0.03313577938274128,4.090517161457626
ta12,0.01,21,1,123.33177511650726,found,3.7315982083390664,0.03281456059141342,4.077816292177178
ta12,0.01,21,3,123.33177511650726,found,3.7315982083390664,0.03281456059141342,4.077816292177178
ta12,0.01,21,5,123.33177511650726,found,3.7315982083390664,0.03281456059141342,4.077816292177178
ta12,0.01,31,1,123.33177511650726,found,3.699716556836811,0.03255605744839016,4.063104809785837
ta12,0.01,31,3,123.33177511650726,found,3.699716556836811,0.03255605744839016,4.063104809785837
ta12,0.01,31,5,123.33177511650726,found,3.699716556836811,0.03255605744839016,4.063104809785837
ta12,0.015,1,1,123.17732713964654,found,3.4494743424158054,0.030560368128965176,4.17166611306709
ta12,0.015,1,3,123.17732713964654,found,3.736274115644953,0.032888716859117456,4.17166611306709
ta12,0.015,1,5,123.17732713964654,found,3.817109857408493,0.033544971899234506,4.17166611306709
ta12,0.015,11,1,123.17732713964654,found,3.769767559750133,0.03316062927094636,4.090517161457626
ta12,0.015,11,3,123.17732713964654,found,3.769767559750133,0.03316062927094636,4.090517161457626
ta12,0.015,11,5,123.17732713964654,found,3.769767559750133,0.03316062927094636,4.090517161457626
ta12,0.015,21,1,123.17732713964654,found,3.731966481330224,0.03285374585905796,4.077816292177178
ta12,0.015,21,3,123.17732713964654,found,3.731966481330224,0.03285374585905796,4.077816292177178
ta12,0.015,21,5,123.17732713964654,found,3.731966481330224,0.03285374585905796,4.077816292177178
ta12,0.015,31,1,123.17732713964654,found,3.70809615977728,0.03265995758562123,4.063104809785837
ta12,0.015,31,3,123.17732713964654,found,3.70809615977728,0.03265995758562123,4.063104809785837
ta12,0.015,31,5,123.17732713964654,found,3.70809615977728,0.03265995758562123,4.063104809785837
ta12,0.02,1,1,122.337191784548,found,3.432624207004327,0.03057366314298008,4.17166611306709
ta12,0.02,1,3,122.337191784548,found,3.7986700080542,0.03356576877913468,4.17166611306709
ta12,0.02,1,5,122.337191784548,found,3.7986700080542,0.03356576877913468,4.17166611306709
ta12,0.02,11,1,122.337191784548,found,3.767882680031282,0.03331410918507485,4.090517161457626
ta12,0.02,11,3,122.337191784548,found,3.767882680031282,0.03331410918507485,4.090517161457626
ta12,0.02,11,5,122.337191784548,found,3.767882680031282,0.03331410918507485,4.090517161457626
ta12,0.02,21,1,122.337191784548,found,3.7512178082963,0.033177888371993494,4.077816292177178
ta12,0.02,21,3,122.337191784548,found,3.7512178082963,0.033177888371993494,4.077816292177178
ta12,0.02,21,5,122.337191784548,found,3.7512178082963,0.033177888371993494,4.077816292177178
ta12,0.02,31,1,122.337191784548,found,3.7467252463482468,0.03314116559061753,4.063104809785837
ta12,0.02,31,3,122.337191784548,found,3.7467252463482468,0.03314116559061753,4.063104809785837
ta12,0.02,31,5,122.337191784548,found,3.7467252463482468,0.03314116559061753,4.063104809785837
ta12,0.025,1,1,119.9992307716746,found,3.752567898167205,0.03365088351589517,4.17166611306709
ta12,0.025,1,3,119.9992307716746,found,3.752567898167205,0.03365088351589517,4.17166611306709
ta12,0.025,1,5,119.9992307716746,found,3.752567898167205,0.03365088351589517,4.17166611306709
ta12,0.025,11,1,119.9992307716746,found,3.791215314650385,0.03397294738442709,4.090517161457626
ta12,0.025,11,3,119.9992307716746,found,3.791215314650385,0.03397294738442709,4.090517161457626
ta12,0.025,11,5,119.9992307716746,found,3.791215314650385,0.03397294738442709,4.090517161457626
ta12,0.025,21,1,119.9992307716746,found,3.8174302333614953,0.03419140644072712,4.077816292177178
ta12,0.025,21,3,119.9992307716746,found,3.8174302333614953,0.03419140644072712,4.077816292177178
ta12,0.025,21,5,119.9992307716746,found,3.8174302333614953,0.03419140644072712,4.077816292177178
ta12,0.025,31,1,119.9992307716746,found,3.853970143193513,0.03449590764125185,4.063104809785837
ta12,0.025,31,3,119.9992307716746,found,3.853970143193513,0.03449590764125185,4.063104809785837
ta12,0.025,31,5,119.9992307716746,found,3.853970143193513,0.03449590764125185,4.063104809785837
ta12,0.032,1,1,117.35300605748161,fit_interval_exceeds_offset,,,4.17166611306709
ta12,0.032,1,3,117.35300605748161,fit_interval_exceeds_offset,,,4.17166611306709
ta12,0.032,1,5,117.35300605748161,fit_interval_exceeds_offset,,,4.17166611306709
ta12,0.032,11,1,117.35300605748161,found,4.068064215514525,0.03683724015334898,4.090517161457626
ta12,0.032,11,3,117.35300605748161,found,4.068064215514525,0.03683724015334898,4.090517161457626
ta12,0.032,11,5,117.35300605748161,found,4.068064215514525,0.03683724015334898,4.090517161457626
ta12,0.032,21,1,117.35300605748161,found,4.0481262536301745,0.03666734282771435,4.077816292177178
ta12,0.032,21,3,117.35300605748161,found,4.0481262536301745,0.03666734282771435,4.077816292177178
ta12,0.032,21,5,117.35300605748161,found,4.0481262536301745,0.03666734282771435,4.077816292177178
ta12,0.032,31,1,117.35300605748161,found,4.01899033521962,0.0364190669684979,4.063104809785837
ta12,0.032,31,3,117.35300605748161,found,4.01899033521962,0.0364190669684979,4.063104809785837
ta12,0.032,31,5,117.35300605748161,found,4.01899033521962,0.0364190669684979,4.063104809785837
nb24,0.01,1,1,148.0399380725942,found,3.9818941879819763,0.029298279104069885,5.77899793087597
nb24,0.01,1,3,148.0399380725942,found,4.361792333068949,0.03186446597251266,5.77899793087597
nb24,0.01,1,5,148.0399380725942,found,4.651806723398248,0.033823494016600904,5.77899793087597
nb24,0.01,11,1,148.0399380725942,found,4.34511477108191,0.03175181014325353,5.684410067911978
nb24,0.01,11,3,148.0399380725942,found,4.371045736571455,0.031926972101757115,5.684410067911978
nb24,0.01,11,5,148.0399380725942,found,4.371045736571455,0.031926972101757115,5.684410067911978
nb24,0.01,21,1,148.0399380725942,found,4.404417623150595,0.032152396990565,5.657060934659645
nb24,0.01,21,3,148.0399380725942,found,4.404417623150595,0.032152396990565,5.657060934659645
nb24,0.01,21,5,148.0399380725942,found,4.404417623150595,0.032152396990565,5.657060934659645
nb24,0.01,31,1,148.0399380725942,found,4.398457993417144,0.03211214008549571,5.641368176195948
nb24,0.01,31,3,148.0399380725942,found,4.398457993417144,0.03211214008549571,5.641368176195948
nb24,0.01,31,5,148.0399380725942,found,4.398457993417144,0.03211214008549571,5.641368176195948
nb24,0.015,1,1,146.86072482857514,found,4.245639677066738,0.03128409344114089,5.77899793087597
nb24,0.015,1,3,146.86072482857514,found,4.622927546235852,0.03385311160177919,5.77899793087597
nb24,0.015,1,5,146.86072482857514,found,4.622927546235852,0.03385311160177919,5.77899793087597
nb24,0.015,11,1,146.86072482857514,found,4.552572600551549,0.033374052644618075,5.684410067911978
nb24,0.015,11,3,146.86072482857514,found,4.552572600551549,0.033374052644618075,5.684410067911978
nb24,0.015,11,5,146.86072482857514,found,4.552572600551549,0.033374052644618075,5.684410067911978
nb24,0.015,21,1,146.86072482857514,found,4.549014026757308,0.03334982170201312,5.657060934659645
nb24,0.015,21,3,146.86072482857514,found,4.549014026757308,0.03334982170201312,5.657060934659645
nb24,0.015,21,5,146.86072482857514,found,4.549014026757308,0.03334982170201312,5.657060934659645
nb24,0.015,31,1,146.86072482857514,found,4.5406181069388785,0.03329265243617824,5.641368176195948
nb24,0.015,31,3,146.86072482857514,found,4.5406181069388785,0.03329265243617824,5.641368176195948
nb24,0.015,31,5,146.86072482857514,found,4.5406181069388785,0.03329265243617824,5.641368176195948
nb24,0.02,1,1,145.1934742465064,found,4.512302630222573,0.033392211612562395,5.77899793087597
nb24,0.02,1,3,145.1934742465064,found,4.798192351071433,0.03536123757831263,5.77899793087597
nb24,0.02,1,5,145.1934742465064,found,4.798192351071433,0.03536123757831263,5.77899793087597
nb24,0.02,11,1,145.1934742465064,found,4.762070676041203,0.035112454530605526,5.684410067911978
nb24,0.02,11,3,145.1934742465064,found,4.762070676041203,0.035112454530605526,5.684410067911978
nb24,0.02,11,5,145.1934742465064,found,4.762070676041203,0.035112454530605526,5.684410067911978
nb24,0.02,21,1,145.1934742465064,found,4.718626790270606,0.03481324076775528,5.657060934659645
nb24,0.02,21,3,145.1934742465064,found,4.718626790270606,0.03481324076775528,5.657060934659645
nb24,0.02,21,5,145.1934742465064,found,4.718626790270606,0.03481324076775528,5.657060934659645
nb24,0.02,31,1,145.1934742465064,found,4.696580850320707,0.03466140240129764,5.641368176195948
nb24,0.02,31,3,145.1934742465064,found,4.696580850320707,0.03466140240129764,5.641368176195948
nb24,0.02,31,5,145.1934742465064,found,4.696580850320707,0.03466140240129764,5.641368176195948
nb24,0.025,1,1,143.81028643381313,found,4.487016568126638,0.03344278537305871,5.77899793087597
nb24,0.025,1,3,143.81028643381313,found,4.797658414724672,0.03560286622889515,5.77899793087597
nb24,0.025,1,5,143.81028643381313,found,4.9587695900512205,0.036723169785210626,5.77899793087597
nb24,0.025,11,1,143.81028643381313,found,4.797776177942762,0.03560368510785722,5.684410067911978
nb24,0.025,11,3,143.81028643381313,found,4.797776177942762,0.03560368510785722,5.684410067911978
nb24,0.025,11,5,143.81028643381313,found,4.797776177942762,0.03560368510785722,5.684410067911978
nb24,0.025,21,1,143.81028643381313,found,4.787818436974416,0.035534442905402336,5.657060934659645
nb24,0.025,21,3,143.81028643381313,found,4.787818436974416,0.035534442905402336,5.657060934659645
nb24,0.025,21,5,143.81028643381313,found,4.787818436974416,0.035534442905402336,5.657060934659645
nb24,0.025,31,1,143.81028643381313,found,4.787191454676397,0.03553008311784077,5.641368176195948
nb24,0.025,31,3,143.81028643381313,found,4.787191454676397,0.03553008311784077,5.641368176195948
nb24,0.025,31,5,143.81028643381313,found,4.787191454676397,0.03553008311784077,5.641368176195948
nb24,0.032,1,1,140.3983192053813,found,4.725598097467097,0.0356751328995367,5.77899793087597
nb24,0.032,1,3,140.3983192053813,found,5.088572510112675,0.038260451688963235,5.77899793087597
nb24,0.032,1,5,140.3983192053813,found,5.194907536291276,0.03901783273725805,5.77899793087597
nb24,0.032,11,1,140.3983192053813,found,5.0797731590971065,0.03819777749837912,5.684410067911978
nb24,0.032,11,3,140.3983192053813,found,5.0797731590971065,0.03819777749837912,5.684410067911978
nb24,0.032,11,5,140.3983192053813,found,5.0797731590971065,0.03819777749837912,5.684410067911978
nb24,0.032,21,1,140.3983192053813,found,5.079858795064881,0.03819838744847153,5.657060934659645
nb24,0.032,21,3,140.3983192053813,found,5.079858795064881,0.03819838744847153,5.657060934659645
nb24,0.032,21,5,140.3983192053813,found,5.079858795064881,0.03819838744847153,5.657060934659645
nb24,0.032,31,1,140.3983192053813,found,5.058343833269917,0.03804514514531055,5.641368176195948
nb24,0.032,31,3,140.3983192053813,found,5.058343833269917,0.03804514514531055,5.641368176195948
nb24,0.032,31,5,140.3983192053813,found,5.058343833269917,0.03804514514531055,5.641368176195948
nb28,0.01,1,1,156.87637838066985,found,4.34677776062962,0.029972009532270135,6.3858758238348
nb28,0.01,1,3,156.87637838066985,found,4.704086381268801,0.03224965403380338,6.3858758238348
nb28,0.01,1,5,156.87637838066985,found,4.9640424110127235,0.033906729703367375,6.3858758238348
nb28,0.01,11,1,156.87637838066985,found,4.645482037027156,0.031876083807064484,6.297543705738669
nb28,0.01,11,3,156.87637838066985,found,4.645482037027156,0.031876083807064484,6.297543705738669
nb28,0.01,11,5,156.87637838066985,found,4.645482037027156,0.031876083807064484,6.297543705738669
nb28,0.01,21,1,156.87637838066985,found,4.7127311119798705,0.032304759402758884,6.262817718184615
nb28,0.01,21,3,156.87637838066985,found,4.7127311119798705,0.032304759402758884,6.262817718184615
nb28,0.01,21,5,156.87637838066985,found,4.7127311119798705,0.032304759402758884,6.262817718184615
nb28,0.01,31,1,156.87637838066985,found,4.699210443760619,0.03221857263354087,6.247520714378323
nb28,0.01,31,3,156.87637838066985,found,4.699210443760619,0.03221857263354087,6.247520714378323
nb28,0.01,31,5,156.87637838066985,found,4.699210443760619,0.03221857263354087,6.247520714378323
nb28,0.015,1,1,155.3339533185534,found,4.388781481179015,0.030480476532910573,6.3858758238348
nb28,0.015,1,3,155.3339533185534,found,4.925473357026637,0.03393556065574233,6.3858758238348
nb28,0.015,1,5,155.3339533185534,found,4.925473357026637,0.03393556065574233,6.3858758238348
nb28,0.015,11,1,155.3339533185534,found,4.866059661854758,0.033553070582564085,6.297543705738669
nb28,0.015,11,3,155.3339533185534,found,4.866059661854758,0.033553070582564085,6.297543705738669
nb28,0.015,11,5,155.3339533185534,found,4.866059661854758,0.033553070582564085,6.297543705738669
nb28,0.015,21,1,155.3339533185534,found,4.819108275213057,0.033250809643222544,6.262817718184615
nb28,0.015,21,3,155.3339533185534,found,4.819108275213057,0.033250809643222544,6.262817718184615
nb28,0.015,21,5,155.3339533185534,found,4.819108275213057,0.033250809643222544,6.262817718184615
nb28,0.015,31,1,155.3339533185534,found,4.827952154324553,0.03330774426004363,6.247520714378323
nb28,0.015,31,3,155.3339533185534,found,4.827952154324553,0.03330774426004363,6.247520714378323
nb28,0.015,31,5,155.3339533185534,found,4.827952154324553,0.03330774426004363,6.247520714378323
nb28,0.02,1,1,153.96821256601586,found,4.36077319819122,0.030499506915938925,6.3858758238348
nb28,0.02,1,3,153.96821256601586,found,5.0563311253054595,0.03501704930681399,6.3858758238348
nb28,0.02,1,5,153.96821256601586,found,5.0563311253054595,0.03501704930681399,6.3858758238348
nb28,0.02,11,1,153.96821256601586,found,4.888124080576708,0.033924570268930566,6.297543705738669
nb28,0.02,11,3,153.96821256601586,found,4.888124080576708,0.033924570268930566,6.297543705738669
nb28,0.02,11,5,153.96821256601586,found,4.888124080576708,0.033924570268930566,6.297543705738669
nb28,0.02,21,1,153.96821256601586,found,4.924986902333556,0.034163988660184816,6.262817718184615
nb28,0.02,21,3,153.96821256601586,found,4.924986902333556,0.034163988660184816,6.262817718184615
nb28,0.02,21,5,153.96821256601586,found,4.924986902333556,0.034163988660184816,6.262817718184615
nb28,0.02,31,1,153.96821256601586,found,4.9388761682750015,0.03425419731890709,6.247520714378323
nb28,0.02,31,3,153.96821256601586,found,4.9388761682750015,0.03425419731890709,6.247520714378323
nb28,0.02,31,5,153.96821256601586,found,4.9388761682750015,0.03425419731890709,6.247520714378323
nb28,0.025,1,1,152.19786088168442,found,4.641024933978742,0.03258553706577925,6.3858758238348
nb28,0.025,1,3,152.19786088168442,found,5.209102717681444,0.03631803225599953,6.3858758238348
nb28,0.025,1,5,152.19786088168442,found,5.2699443100749805,0.0367177855248108,6.3858758238348
nb28,0.025,11,1,152.19786088168442,found,5.035754900004995,0.03517906869453919,6.297543705738669
nb28,0.025,11,3,152.19786088168442,found,5.035754900004995,0.03517906869453919,6.297543705738669
nb28,0.025,11,5,152.19786088168442,found,5.035754900004995,0.03517906869453919,6.297543705738669
nb28,0.025,21,1,152.19786088168442,found,5.0069585807999495,0.0349898655149529,6.262817718184615
nb28,0.025,21,3,152.19786088168442,found,5.031703172607373,0.03515244724681219,6.262817718184615
nb28,0.025,21,5,152.19786088168442,found,5.031703172607373,0.03515244724681219,6.262817718184615
nb28,0.025,31,1,152.19786088168442,found,5.039709291020546,0.03520505060382913,6.247520714378323
nb28,0.025,31,3,152.19786088168442,found,5.039709291020546,0.03520505060382913,6.247520714378323
nb28,0.025,31,5,152.19786088168442,found,5.039709291020546,0.03520505060382913,6.247520714378323
nb28,0.032,1,1,148.64450453937422,found,4.9383088045145165,0.035087810780805286,6.3858758238348
nb28,0.032,1,3,148.64450453937422,found,5.209723195538597,0.03691374031560478,6.3858758238348
nb28,0.032,1,5,148.64450453937422,found,5.445310937823156,0.0384986474940747,6.3858758238348
nb28,0.032,11,1,148.64450453937422,found,5.252329999382222,0.037200375896083555,6.297543705738669
nb28,0.032,11,3,148.64450453937422,found,5.252329999382222,0.037200375896083555,6.297543705738669
nb28,0.032,11,5,148.64450453937422,found,5.252329999382222,0.037200375896083555,6.297543705738669
nb28,0.032,21,1,148.64450453937422,found,5.282876748592575,0.03740587793805285,6.262817718184615
nb28,0.032,21,3,148.64450453937422,found,5.282876748592575,0.03740587793805285,6.262817718184615
nb28,0.032,21,5,148.64450453937422,found,5.282876748592575,0.03740587793805285,6.262817718184615
nb28,0.032,31,1,148.64450453937422,found,5.286147498029831,0.037427881774974976,6.247520714378323
nb28,0.032,31,3,148.64450453937422,found,5.286147498029831,0.037427881774974976,6.247520714378323
nb28,0.032,31,5,148.64450453937422,found,5.286147498029831,0.037427881774974976,6.247520714378323
